url,label
http://2.client-channel.google.com,0
http://1e100.net,0
http://2mdn.net,0
http://accounts.google.com,0
http://accounts.youtube.com,0
http://admin.google.com,0
http://admob.com,0
http://adwords.com,0
http://adwords.google.com,0
http://ae.2mdn.net,0
http://affiliate.2mdn.net,0
http://ajax.googleapis.com,0
http://alt1.aspmx.l.google.com,0
http://alt1-safebrowsing.google.com,0
http://alt2.aspmx.l.google.com,0
http://alt2-safebrowsing.google.com,0
http://alt3.aspmx.l.google.com,0
http://alt3-safebrowsing.google.com,0
http://alt4.aspmx.l.google.com,0
http://analytics.google.com,0
http://android.com,0
http://android.l.google.com,0
http://android.tk,0
http://apis.google.com,0
http://appspot.l.google.com,0
http://aspmx.l.google.com,0
http://au.2mdn.net,0
http://base.google.com,0
http://be.2mdn.net,0
http://blogger.com,0
http://blogger.es,0
http://blogspot.com,0
http://blogspot.es,0
http://bluestacks-cloud.appspot.com,0
http://books.google.com,0
http://books.google.com.uy,0
http://books.google.co.uk,0
http://books.google.de,0
http://bp.blogger.com,0
http://bp.blogspot.com,0
http://br.2mdn.net,0
http://business.google.com,0
http://ca.2mdn.net,0
http://cache.pack.google.com,0
http://calendar.google.com,0
http://caroufredseldawaa.googlecode.com,0
http://chart.googleapis.com,0
http://chatenabled.mail.google.com,0
http://checkout.google.com,0
http://chromebook.com,0
http://chrome.com,0
http://chrome.google.com,0
http://client-channel.google.com,0
http://client.google.com,0
http://clients1.google.com,0
http://clients2.google.com,0
http://clients3.google.com,0
http://clients4.google.com,0
http://clients5.google.com,0
http://clients6.google.com,0
http://clients.google.com,0
http://clients.l.google.com,0
http://clients.safebrowsing.google.com,0
http://cn.2mdn.net,0
http://cobrasearch.com,0
http://code.google.com,0
http://cse.google.com,0
http://csi.gstatic.com,0
http://de.2mdn.net,0
http://desktop.google.com,0
http://directory.google.com,0
http://dk.2mdn.net,0
http://dl.google.com,0
http://dl-ssl.google.com,0
http://docs.google.com,0
http://drive.google.com,0
http://drive-thirdparty.googleusercontent.com,0
http://earth.google.com,0
http://emea.2mdn.net,0
http://encrypted.google.com,0
http://encrypted-tbn0.gstatic.com,0
http://encrypted-tbn1.gstatic.com,0
http://encrypted-tbn2.gstatic.com,0
http://encrypted-tbn3.gstatic.com,0
http://eqchmdnvip1.2mdn.net,0
http://es.2mdn.net,0
http://feedburner.com,0
http://feedproxy.google.com,0
http://fi.2mdn.net,0
http://finance.google.com,0
http://fonts.googleapis.com,0
http://fonts.gstatic.com,0
http://foofle.com,0
http://fr.2mdn.net,0
http://froogle.com,0
http://froogle.google.com,0
http://gcdn.2mdn.net,0
http://g.cn,0
http://g.co,0
http://gg.google.com,0
http://ggoogle.com,0
http://ggpht.com,0
http://ghs-svc-https-sni.ghs-ssl.googlehosted.com,0
http://gm1.ggpht.com,0
http://gm2.ggpht.com,0
http://gm3.ggpht.com,0
http://gm4.ggpht.com,0
http://gmail.com,0
http://gmail.com.ar,0
http://gmail.com.br,0
http://gmail.com.org,0
http://gmail.google.com,0
http://gmail-imap.l.google.com,0
http://gmail.it,0
http://gmail-pop.l.google.com,0
http://gmail.ru,0
http://gmail-smtp-msa.l.google.com,0
http://gmodules.com,0
http://gogle.com,0
http://gogole.com,0
http://googel.com,0
http://googil.com,0
http://goo.gl,0
http://googl.com,0
http://google.ac,0
http://google.ad,0
http://googleadservices.com,0
http://google.ae,0
http://google.al,0
http://google.am,0
http://google-analytics.com,0
http://googleanalytics.com,0
http://googleapis.com,0
http://googleapis.l.google.com,0
http://googleapps.com,0
http://googlearth.com,0
http://google.as,0
http://google.at,0
http://google.az,0
http://google.ba,0
http://google.be,0
http://google.bf,0
http://google.bg,0
http://google.bi,0
http://google.bj,0
http://googleblog.com,0
http://google.bo,0
http://googlebot.com,0
http://google.bs,0
http://google.bt,0
http://google.by,0
http://google.bz,0
http://google.ca,0
http://google.cat,0
http://google.cc,0
http://google.cd,0
http://google.cf,0
http://google.cg,0
http://google.ch,0
http://google.ci,0
http://google.cl,0
http://google.cm,0
http://google.cn,0
http://google.co.ao,0
http://google.co.bw,0
http://google.co.ck,0
http://google.co.cr,0
http://googlecode.com,0
http://googlecode.l.googleusercontent.com,0
http://google-code-prettify.googlecode.com,0
http://google.co.hu,0
http://google.co.id,0
http://google.co.il,0
http://google.co.in,0
http://google.co.je,0
http://google.co.jp,0
http://google.co.ke,0
http://google.co.kr,0
http://google.co.ls,0
http://google.com,0
http://google.co.ma,0
http://google.com.af,0
http://google.com.ag,0
http://google.com.ai,0
http://google.com.ar,0
http://google.com.au,0
http://google.com.bd,0
http://google.com.bh,0
http://google.com.bn,0
http://google.com.bo,0
http://google.com.br,0
http://google.com.bz,0
http://google.com.co,0
http://google.com.cu,0
http://google.com.cy,0
http://google.com.do,0
http://google.com.ec,0
http://google.com.eg,0
http://google.com.et,0
http://google.com.fj,0
http://google.com.gh,0
http://google.com.gi,0
http://google.com.gr,0
http://google.com.gt,0
http://google.com.hk,0
http://google.com.jm,0
http://google.com.kh,0
http://google.com.kw,0
http://google.com.lb,0
http://google.com.lc,0
http://google.com.ly,0
http://googlecommerce.com,0
http://google.com.mm,0
http://google.com.mt,0
http://google.com.mx,0
http://google.com.my,0
http://google.com.na,0
http://google.com.nf,0
http://google.com.ng,0
http://google.com.ni,0
http://google.com.np,0
http://google.com.om,0
http://google.com.pa,0
http://google.com.pe,0
http://google.com.pg,0
http://google.com.ph,0
http://google.com.pk,0
http://google.com.pr,0
http://google.com.py,0
http://google.com.qa,0
http://google.com.sa,0
http://google.com.sb,0
http://google.com.sg,0
http://google.com.sl,0
http://google.com.sv,0
http://google.com.tj,0
http://google.com.tr,0
http://google.com.tw,0
http://google.com.ua,0
http://google.com.uy,0
http://google.com.vc,0
http://google.com.vn,0
http://google.co.mz,0
http://google.co.nz,0
http://google.co.pn,0
http://google.co.th,0
http://google.co.tz,0
http://google.co.ug,0
http://google.co.uk,0
http://google.co.uz,0
http://google.co.ve,0
http://google.co.vi,0
http://google.co.za,0
http://google.co.zm,0
http://google.co.zw,0
http://google.cv,0
http://google.cx,0
http://google.cz,0
http://google.de,0
http://google.dj,0
http://google.dk,0
http://google.dm,0
http://googledrive.com,0
http://google.dz,0
http://googleearth.com,0
http://google.ec,0
http://googlee.com,0
http://google.ee,0
http://google.es,0
http://google.eu,0
http://google.fi,0
http://google.fm,0
http://google.fr,0
http://google.ga,0
http://google.gd,0
http://google.ge,0
http://google.gf,0
http://google.gg,0
http://google.gl,0
http://google.gm,0
http://google.gp,0
http://google.gr,0
http://google.gy,0
http://google.hk,0
http://google.hn,0
http://googlehosted.com,0
http://googlehosted.l.googleusercontent.com,0
http://google.hr,0
http://google.ht,0
http://google.hu,0
http://google.ie,0
http://google.im,0
http://google.in,0
http://google.io,0
http://google.iq,0
http://google.is,0
http://google.it,0
http://google.je,0
http://google.jo,0
http://google.jp,0
http://google.kg,0
http://google.ki,0
http://google.kn,0
http://google.kr,0
http://google.kz,0
http://google.la,0
http://google.li,0
http://google.lk,0
http://google.lt,0
http://google.lu,0
http://google.lv,0
http://google.ma,0
http://googlemail.com,0
http://googlemail.l.google.com,0
http://googlemaps.cm,0
http://googlemaps.com,0
http://google.md,0
http://google.me,0
http://googlemember.com,0
http://googlemembers.com,0
http://google.mg,0
http://google.mk,0
http://google.ml,0
http://google.mn,0
http://google.ms,0
http://google.mu,0
http://google.mv,0
http://google.mw,0
http://google.mx,0
http://google.ne,0
http://google.net,0
http://google.nf,0
http://google.ng,0
http://google.nl,0
http://google.no,0
http://google.nr,0
http://google.nu,0
http://google.org,0
http://googlepagecreator.com,0
http://googlepages.com,0
http://google.pf,0
http://google.ph,0
http://google.pk,0
http://google.pl,0
http://google.pn,0
http://google.pr,0
http://google.ps,0
http://google.pt,0
http://google.re,0
http://google.ro,0
http://google.rs,0
http://google.ru,0
http://google.rw,0
http://google.sc,0
http://googlescholar.com,0
http://google.se,0
http://google.sg,0
http://google.sh,0
http://google.si,0
http://google.sk,0
http://google.sl,0
http://google.sm,0
http://google.sn,0
http://google.so,0
http://googlesource.com,0
http://google.sr,0
http://google.st,0
http://googlesyndication.com,0
http://googlesyndication.ru,0
http://googletagmanager.com,0
http://googletagservices.com,0
http://google.td,0
http://google.tg,0
http://google.tk,0
http://google.tl,0
http://google.tm,0
http://google.tn,0
http://google.to,0
http://google.tp,0
http://google.tt,0
http://google.tv,0
http://google.tw,0
http://google.ua,0
http://google.ug,0
http://google.uk,0
http://google.us,0
http://googleusercontent.com,0
http://google.uz,0
http://google.vc,0
http://google.vg,0
http://googlevideo.com,0
http://google.vn,0
http://google.vu,0
http://google.ws,0
http://googlr.com,0
http://goolge.com,0
http://gooogle.com,0
http://groups.google.com,0
http://groups.google.com.br,0
http://groups.google.com.eg,0
http://gstatic.com,0
http://gvt1.com,0
http://hangouts.google.com,0
http://health.google.com,0
http://id.google.com,0
http://id.google.com.co,0
http://id.l.google.com,0
http://igoogle.com,0
http://images.google.at,0
http://images.google.ca,0
http://images.google.com,0
http://images.google.com.br,0
http://images.google.co.uk,0
http://images.google.de,0
http://images.google.fr,0
http://images.google.jo,0
http://images.google.li,0
http://images.google.lu,0
http://it.2mdn.net,0
http://i.ytimg.com,0
http://jp.2mdn.net,0
http://keyhole.com,0
http://kh.google.com,0
http://khmdb.google.com,0
http://like.com,0
http://localhost.com,0
http://m1.2mdn.net,0
http://m1.ae.2mdn.net,0
http://m1.au.2mdn.net,0
http://m1.be.2mdn.net,0
http://m1.br.2mdn.net,0
http://m1.ca.2mdn.net,0
http://m1.cn.2mdn.net,0
http://m1.de.2mdn.net,0
http://m1.dk.2mdn.net,0
http://m1.emea.2mdn.net,0
http://m1.es.2mdn.net,0
http://m1.fi.2mdn.net,0
http://m1.fr.2mdn.net,0
http://m1.it.2mdn.net,0
http://m1.jp.2mdn.net,0
http://m1.nl.2mdn.net,0
http://m1.no.2mdn.net,0
http://m1.nz.2mdn.net,0
http://m1.pl.2mdn.net,0
http://m1.se.2mdn.net,0
http://m1.sg.2mdn.net,0
http://m1.uk.2mdn.net,0
http://m1.ve.2mdn.net,0
http://m1.za.2mdn.net,0
http://m2.2mdn.net,0
http://m2.ae.2mdn.net,0
http://m2.au.2mdn.net,0
http://m2.be.2mdn.net,0
http://m2.br.2mdn.net,0
http://m2.ca.2mdn.net,0
http://m2.cn.2mdn.net,0
http://m2.de.2mdn.net,0
http://m2.dk.2mdn.net,0
http://m2.es.2mdn.net,0
http://m2.fi.2mdn.net,0
http://m2.fr.2mdn.net,0
http://m2.it.2mdn.net,0
http://m2.jp.2mdn.net,0
http://m2.nl.2mdn.net,0
http://m2.no.2mdn.net,0
http://m2.nz.2mdn.net,0
http://m2.pl.2mdn.net,0
http://m2.se.2mdn.net,0
http://m2.sg.2mdn.net,0
http://m2.uk.2mdn.net,0
http://m2.ve.2mdn.net,0
http://m2.za.2mdn.net,0
http://m3.2mdn.net,0
http://m3.ae.2mdn.net,0
http://m3.au.2mdn.net,0
http://m3.be.2mdn.net,0
http://m3.br.2mdn.net,0
http://m3.ca.2mdn.net,0
http://m3.cn.2mdn.net,0
http://m3.de.2mdn.net,0
http://m3.dk.2mdn.net,0
http://m3.es.2mdn.net,0
http://m3.fi.2mdn.net,0
http://m3.fr.2mdn.net,0
http://m3.it.2mdn.net,0
http://m3.jp.2mdn.net,0
http://m3.nl.2mdn.net,0
http://m3.no.2mdn.net,0
http://m3.nz.2mdn.net,0
http://m3.pl.2mdn.net,0
http://m3.se.2mdn.net,0
http://m3.sg.2mdn.net,0
http://m3.uk.2mdn.net,0
http://m3.ve.2mdn.net,0
http://m3.za.2mdn.net,0
http://m4.ae.2mdn.net,0
http://m4.au.2mdn.net,0
http://m4.be.2mdn.net,0
http://0koryu0.easter.ne.jp,1
http://109-204-26-16.netconnexion.managedbroadband.co.uk,1
http://1866809.securefastserver.com,1
http://2amsports.com,1
http://4dexports.com,1
http://50efa6486f1ef.skydivesolutions.be,1
http://61kx.uk-insolvencydirect.com,1
http://6b8a953b2bf7788063d5-6e453f33ecbb90f11a62a5c376375af3.r71.cf5.rackcdn.com,1
http://97b1c56132dfcdd90f93-0c5c8388c0a5897e648f883e2c86dc72.r54.cf5.rackcdn.com,1
http://999fitness.com,1
http://a.update.51edm.net,1
http://aadroid.net,1
http://ab.usageload32.com,1
http://abcdespanol.com,1
http://above.e-rezerwacje24.pl,1
http://absurdity.flarelight.com,1
http://achren.org,1
http://acool.csheaven.com,1
http://ad-beast.com,1
http://ad.9tv.co.il,1
http://ad.getfond.info,1
http://adgallery.whitehousedrugpolicy.gov,1
http://adlock.in,1
http://adobeflashupdate14.com,1
http://ads.wikipartes.com,1
http://adserving.favorit-network.com,1
http://adv.riza.it,1
http://advancetec.co.uk,1
http://afa15.com.ne.kr,1
http://agsteier.com,1
http://aintdoinshit.com,1
http://aippnetworks.com,1
http://aircraft.evote.cl,1
http://ajewishgift.com,1
http://akirkpatrick.com,1
http://alegroup.info,1
http://alexanderinteriorsanddesign.com,1
http://alexandria90.etcserver.com,1
http://alisat.biz,1
http://alissonluis-musico.sites.uol.com.br,1
http://allforlove.de,1
http://allxscan.tk,1
http://alsoknowsit.com,1
http://ama-alliance.com,1
http://amazingvacationhotels.com,1
http://ambulanciaslazaro.com,1
http://americancareconcept.com,1
http://aminev.com,1
http://amu.adduraddonhere.info,1
http://amu.boxinstallercompany.info,1
http://amu.brandnewinstall.info,1
http://amu.helpyourselfinstall.info,1
http://amu.twobox4addon.info,1
http://analxxxclipsyjh.dnset.com,1
http://anshrit.com,1
http://antalya.ru,1
http://apexgames.org,1
http://app.pho8.com,1
http://arkinsoftware.in,1
http://art-archiv.ru,1
http://artsconsortium.org,1
http://asham.tourstogo.us,1
http://associatesexports.com,1
http://atelierprincesse.web.fc2.com,1
http://atlcourier.com,1
http://atyss.barginginfrance.net,1
http://avokka.com,1
http://avppet.com,1
http://axisbuild.com,1
http://azoos.csheaven.com,1
http://b.nevadaprivateoffice.com,1
http://babos.scrapping.cc,1
http://bargainracks.co.uk,1
http://batcoroadlinescorporation.com,1
http://bbs.bjchun.com,1
http://bde.be,1
http://be-funk.com,1
http://beautysafari.com,1
http://becomedebtfree.com.au,1
http://beespace.com.ua,1
http://beldiplomcom.75.com1.ru,1
http://best100catfights.com,1
http://betterhomeandgardenideas.com,1
http://bezproudoff.cz,1
http://bilbaopisos.es,1
http://bizzibeans.net,1
http://blackfalcon5.net,1
http://blacknite.eu,1
http://blog.replacemycontacts.com,1
http://bluecutsystem.com,1
http://bnsoutlaws.co.uk,1
http://bonjo.bmbsklep.pl,1
http://boogu.barginginfrance.net,1
http://bookofkisl.com,1
http://boots.fotopyra.pl,1
http://borat.elticket.com.ar,1
http://boschetto-hotel.gr,1
http://bracbetul.com,1
http://bracewellfamily.com,1
http://bravetools.net,1
http://bride1.com,1
http://broadtech.co,1
http://buffalogoesout.com,1
http://buildviet.info,1
http://by98.com,1
http://cacl.fr,1
http://caclclo.web.fc2.com,1
http://callingcardsinstantly.com,1
http://campamento.queenscamp.com,1
http://cannabislyric.com,1
http://cannabispicture.com,1
http://catjogger.win,1
http://centralwestwater.com.au,1
http://ceskarepublika.net,1
http://chaveiro.bio.br,1
http://chsplantsales.co.uk,1
http://ciclismovalenciano.com,1
http://citymediamagazin.hu,1
http://classicallyabsurdphotography.com,1
http://classicspeedway.com,1
http://cmicapui.ce.gov.br,1
http://coaha.frenchgerlemanelectric.com,1
http://coalimpex.com,1
http://cofeb13east.com,1
http://coffeol.com,1
http://concede.fmtlib.net,1
http://conds.ru,1
http://cope.it,1
http://corroshield.estb.com.sg,1
http://cosmetice-farduri.ro,1
http://cosmos.felago.es,1
http://cosmos.furnipict.com,1
http://cqji.artidentalkurs.com,1
http://cracks.vg,1
http://crackspider.us,1
http://crackzone.net,1
http://creditbootcamp.com,1
http://crops.dunight.eu,1
http://csmail.iggcn.com,1
http://cswilliamsburg.com,1
http://cudacorp.com,1
http://customsboysint.com,1
http://cwmgaming.com,1
http://cznshuya.ivnet.ru,1
http://d1.kuai8.com,1
http://d1054130-28095.cp.blacknight.com,1
http://d1171912.cp.blacknight.com,1
http://d32k27yvyi4kmv.cloudfront.net,1
http://d4.cumshots.ws,1
http://dancecourt.com,1
http://daralasnan.com,1
http://dawnframing.com,1
http://dcanscapital.co.uk,1
http://ddd.gouwuke.cn,1
http://decografix.com,1
http://decorator.crabgrab.cl,1
http://decota.es,1
http://decrolyschool.be,1
http://deleondeos.com,1
http://deletespyware-adware.com,1
http://demo.vertexinfo.in,1
http://dent-lux.com.pl,1
http://dentairemalin.com,1
http://destre45.com,1
http://dev.wrathofshadows.net,1
http://dianepiette.co.uk,1
http://diaryofagameaddict.com,1
http://dieutribenhkhop.com,1
http://dimarsbg.com,1
http://dimenal.com.br,1
http://dimensionnail.ro,1
http://dimsnetwork.com,1
http://directxex.com,1
http://divine.lunarbreeze.com,1
http://dl.downf468.com,1
http://dl.heima8.com,1
http://dl.microsword.net,1
http://dl01.faddmr.com,1
http://dofeb.frenchgerlemanelectric.com,1
http://doktester.orgfree.com,1
http://dougmlee.com,1
http://down.feiyang163.com,1
http://down.guangsu.cn,1
http://down.mykings.pw,1
http://down.unadnet.com.cn,1
http://down2.feiyang163.com,1
http://down3.feiyang163.com,1
http://download-archiver.ru,1
http://download.56.com,1
http://download.grandcloud.cn,1
http://download.ttrili.com,1
http://download207.mediafire.com,1
http://downloads-finereader.ru,1
http://downloads-whatsapp.com,1
http://dp-medien.eu,1
http://drank.fa779.com,1
http://dujur.barginginfrance.net,1
http://e-matelco.com,1
http://e1r.net,1
http://earthcontrolsys.com,1
http://echoa.randbinternationaltravel.com,1
http://edf.fr.kfskz.com,1
http://eecky.butlerelectricsupply.com,1
http://eekro.cruisingsmallship.com,1
http://eeps.me,1
http://eeroo.frost-electric-supply.com,1
http://eetho.cruisingsmallship.com,1
http://efugl.iptvdeals.com,1
http://elew72isst.rr.nu,1
http://eliehabib.com,1
http://elmissouri.fr,1
http://elocumjobs.com,1
http://emits.iptvdeals.com,1
http://eroov.iptvdeals.com,1
http://erupt.fernetmoretti.com.ar,1
http://esoad.frost-electric-supply.com,1
http://espdesign.com.au,1
http://estoa.frost-electric-supply.com,1
http://eternitymobiles.com,1
http://euro-vertrieb.com,1
http://europe-academy.net,1
http://europol.europe.eu.france.id647744160-2176514326.h5841.com,1
http://europol.europe.eu.id214218540-7444056787.h5841.com,1
http://evans.babajilab.in,1
http://ex.technor.com,1
http://exclaim.goldenteamacademy.cl,1
http://executivecoaching.co.il,1
http://exsexytop.tk,1
http://extreembilisim.com,1
http://f.gj555.net,1
http://faiyazahmed.com,1
http://falconsafe.com.sg,1
http://fallencrafts.info,1
http://faq-candrive.tk,1
http://fbku.com,1
http://femalewrestlingnow.com,1
http://fetishfitnessbabes.com,1
http://fetishlocator.com,1
http://fgawegwr.chez.com,1
http://fgtkmcby02.eu,1
http://files.dsnetwb.com,1
http://finnhair.co.uk,1
http://firehouse651.com,1
http://fkhfgfg.tk,1
http://flashsavant.com,1
http://fo5.a1-downloader.org,1
http://fondazioneciampi.org,1
http://formessengers.com,1
http://fourthgate.org,1
http://free-crochet-pattern.com,1
http://freefblikes.phpnet.us,1
http://freeserials.spb.ru,1
http://freeserials.ws,1
http://ftp.flyfishusa.com,1
http://funchill.com,1
http://funkucck.bluerobot.cl,1
http://geil.alon3.tk,1
http://generalchemicalsupply.com,1
http://getdatanetukscan.info,1
http://giants.yourzip.co,1
http://go-quicky.com,1
http://gogetgorgeous.com,1
http://gojnox.boxtomarket.com,1
http://gosciniec-paproc.pl,1
http://gravityexp.com,1
http://gredinatib.org,1
http://greev.randbinternationaltravel.com,1
http://grendizer.biz,1
http://grosirkecantikan.com,1
http://gulf-industrial.com,1
http://gurde.tourstogo.us,1
http://guyscards.com,1
http://gyboo.cruisingsmallship.com,1
http://gylra.cruisingsmallship.com,1
http://h1666015.stratoserver.net,1
http://hana-naveh.com,1
http://hanulsms.com,1
http://hardcorepornparty.com,1
http://harshwhispers.com,1
http://headless.ebkfwd.com,1
http://healthybloodpressure.info,1
http://helesouurusa.cjb.com,1
http://hexadl.line55.net,1
http://higher.dwebsi.tk,1
http://highflyingfood.com,1
http://hinsib.com,1
http://hmora.fred-build.tk,1
http://hnskorea.co.kr,1
http://hoawy.frost-electric-supply.com,1
http://hobbat.fvds.ru,1
http://hobby-hangar.net,1
http://hobbytotaalservice.nl,1
http://hoerbird.net,1
http://holishit.in,1
http://honor.agitaattori.fi,1
http://hosting-controlid1.tk,1
http://hosting-controlnext.tk,1
http://hosting-controlpin.tk,1
http://hosting-controlpr.tk,1
http://hotfacesitting.com,1
http://hotspot.cz,1
http://hrdcvn.com.vn,1
http://hst-19-33.splius.lt,1
http://hujii.qplanner.cf,1
http://hy-brasil.mhwang.com,1
http://hydraulicpowerpack.com,1
http://iamagameaddict.com,1
http://id405441215-8305493831.h121h9.com,1
http://igagh.tourstogo.us,1
http://igoby.frost-electric-supply.com,1
http://igroo.barginginfrance.net,1
http://image-circul.tk,1
http://images.topguncustomz.com,1
http://img001.com,1
http://immediateresponseforcomputer.com,1
http://impressoras-cartoes.com.pt,1
http://inclusivediversity.co.uk,1
http://incoctel.cl,1
http://infoweb-coolinfo.tk,1
http://inlinea.co.uk,1
http://innatek.com,1
http://instruminahui.edu.ec,1
http://interactivearea.ru,1
http://internet-bb.tk,1
http://invention.festinolente.cl,1
http://ip-182-50-129-164.ip.secureserver.net,1
http://ip-182-50-129-181.ip.secureserver.net,1
http://ipl.hk,1
http://iptoo.cruisingsmallship.com,1
http://isonomia.com.ar,1
http://ithyk.frenchgerlemanelectric.com,1
http://iwgtest.co.uk,1
http://iwhab.randbinternationaltravel.com,1
http://ixoox.csheaven.com,1
http://iybasketball.info,1
http://izzy-cars.nl,1
http://japanesevehicles.us,1
http://jdfabrication.com,1
http://jeanlesigne.com,1
http://jeansvixens.com,1
http://jessisjewels.com,1
http://jktdc.in,1
http://job-companybuild.tk,1
http://job-compuse.tk,1
http://josip-stadler.org,1
http://js.tongji.linezing.com,1
http://jstaikos.com,1
http://jue0jc.lukodorsai.info,1
http://juedische-kammerphilharmonie.de,1
http://juicypussyclips.com,1
http://k.h.a.d.free.fr,1
http://kadirzerey.com,1
http://kadman.net,1
http://kalantzis.net,1
http://kapcotool.com,1
http://kassabravo.com,1
http://keemy.butlerelectricsupply.com,1
http://keyways.pt,1
http://kfc.i.illuminationes.com,1
http://kids-fashion.dk,1
http://kingskillz.ru,1
http://kipasdenim.com,1
http://kollagen4you.se,1
http://krsa2gno.congrats-sweepstakes-winner.com,1
http://krsa2gno.important-security-brower-alert.com,1
http://krsa2gno.internet-security-alert.com,1
http://krsa2gno.todays-sweepstakes-winner.com,1
http://krsa2gno.youre-todays-lucky-sweeps-winner.com,1
http://kulro.csheaven.com,1
http://kyrsu.frost-electric-supply.com,1
http://lab-cntest.tk,1
http://landisbaptist.com,1
http://lay.elticket.com.ar,1
http://lcbcad.co.uk,1
http://leagleconsulting.com,1
http://lefos.net,1
http://legendsdtv.com,1
http://lexu.goggendorf.at,1
http://lhs-mhs.org,1
http://lifescience.sysu.edu.cn,1
http://likes.gisnetwork.net,1
http://linkforme.tk,1
http://live-dir.tk,1
http://livre.wasastation.fi,1
http://loft2126.dedicatedpanel.com,1
http://losas.cabanaslanina.com.ar,1
http://losos.caliane.com.br,1
http://luchtenbergdecor.com.br,1
http://luckyblank.info,1
http://luckyclean.info,1
http://luckyclear.info,1
http://luckyeffect.info,1
http://luckyhalo.info,1
http://luckypure.info,1
http://luckyshine.info,1
http://luckysuccess.info,1
http://luckysure.info,1
http://luckytidy.info,1
http://luggage-tv.com,1
http://luggagecast.com,1
http://luggagepreview.com,1
http://lunaticjazz.com,1
http://luwyou.com,1
http://lydwood.co.uk,1
http://m2132.ehgaugysd.net,1
http://mahindrainsurance.com,1
http://mailboto.com,1
http://malest.com,1
http://manoske.com,1
http://marchen-toy.co.jp,1
http://marialorena.com.br,1
http://markbruinink.nl,1
http://marx-brothers.mhwang.com,1
http://mathenea.com,1
http://maxisoft.co.uk,1
http://mbrdot.tk,1
http://mediatrade.h19.ru,1
http://mepra.blautechnology.cl,1
http://merrymilkfoods.com,1
http://metrocuadro.com.ve,1
http://mgfd1b.petrix.net,1
http://miespaciopilates.com,1
http://milf.gabriola.cl,1
http://milleniumpapelaria.com.br,1
http://mindstormstudio.ro,1
http://ministerio-publi.info,1
http://miracema.rj.gov.br,1
http://mirandolasrl.it,1
http://mlpoint.pt,1
http://mmile.com,1
http://mobatory.com,1
http://mobile.bitterstrawberry.org,1
http://mocka.frost-electric-supply.com,1
http://molla.gato1000.cl,1
http://monarchslo.com,1
http://montezuma.spb.ru,1
http://morenews3.net,1
http://ms11.net,1
http://mtldesigns.ca,1
http://mueller-holz-bau.com,1
http://murbil.hostei.com,1
http://mycleanpc.tk,1
http://mylabsrl.com,1
http://mylondon.hc0.me,1
http://myshopmarketim.com,1
http://mysmallcock.com,1
http://myvksaver.ru,1
http://nadegda-95.ru,1
http://nailbytes1.com,1
http://namso.butlerelectricsupply.com,1
http://narrow.azenergyforum.com,1
http://natural.buckeyeenergyforum.com,1
http://nbook.far.ru,1
http://nc2199.eden5.netclusive.de,1
http://nctbonline.co.uk,1
http://nefib.tourstogo.us,1
http://nerez-schodiste-zabradli.com,1
http://nestorconsulting.net,1
http://networkmedical.com.hk,1
http://neumashop.cl,1
http://nevergreen.net,1
http://new-address.tk,1
http://new-softdriver.tk,1
http://news4cars.com,1
http://njtgsd.attackthethrone.com,1
http://nkgamers.com,1
http://nlconsulateorlandoorg.siteprotect.net,1
http://nmsbaseball.com,1
http://nobodyspeakstruth.narod.ru,1
http://nonsi.csheaven.com,1
http://noobgirls.com,1
http://nordiccountry.cz,1
http://nortonfire.co.uk,1
http://notebookservisru.161.com1.ru,1
http://noveslovo.com,1
http://nowina.info,1
http://ns1.the-sinner.net,1
http://ns1.updatesdns.org,1
http://ns2ns1.tk,1
http://nt-associates.com,1
http://nudebeachgalleries.net,1
http://nugly.barginginfrance.net,1
http://nuptialimages.com,1
http://nutnet.ir,1
http://oakso.tourstogo.us,1
http://oampa.csheaven.com,1
http://oapsa.tourstogo.us,1
http://oawoo.frenchgerlemanelectric.com,1
http://o1a-konstruktiwa.org,1
http://obkom.net.ua,1
http://ocick.frost-electric-supply.com,1
http://ocpersian.com,1
http://officeon.ch.ma,1
http://oilwrestlingeurope.com,1
http://okeanbg.com,1
http://oknarai.ru,1
http://omrdatacapture.com,1
http://onrio.com.br,1
http://oofuv.cruisingsmallship.com,1
http://oojee.barginginfrance.net,1
http://m4.br.2mdn.net,0
http://m4.ca.2mdn.net,0
http://m4.cn.2mdn.net,0
http://m4.de.2mdn.net,0
http://m4.dk.2mdn.net,0
http://m4.es.2mdn.net,0
http://m4.fi.2mdn.net,0
http://m4.fr.2mdn.net,0
http://m4.it.2mdn.net,0
http://m4.jp.2mdn.net,0
http://m4.nl.2mdn.net,0
http://m4.no.2mdn.net,0
http://m4.nz.2mdn.net,0
http://m4.pl.2mdn.net,0
http://m4.se.2mdn.net,0
http://m4.sg.2mdn.net,0
http://m4.uk.2mdn.net,0
http://m4.ve.2mdn.net,0
http://m4.za.2mdn.net,0
http://m5.ae.2mdn.net,0
http://m5.au.2mdn.net,0
http://m5.be.2mdn.net,0
http://m5.br.2mdn.net,0
http://m5.ca.2mdn.net,0
http://m5.cn.2mdn.net,0
http://m5.de.2mdn.net,0
http://m5.dk.2mdn.net,0
http://m5.es.2mdn.net,0
http://m5.fi.2mdn.net,0
http://m5.fr.2mdn.net,0
http://m5.it.2mdn.net,0
http://m5.jp.2mdn.net,0
http://m5.nl.2mdn.net,0
http://m5.no.2mdn.net,0
http://m5.nz.2mdn.net,0
http://m5.pl.2mdn.net,0
http://m5.se.2mdn.net,0
http://m5.sg.2mdn.net,0
http://m5.uk.2mdn.net,0
http://m5.ve.2mdn.net,0
http://m5.za.2mdn.net,0
http://m6.ae.2mdn.net,0
http://m6.au.2mdn.net,0
http://m6.be.2mdn.net,0
http://m6.br.2mdn.net,0
http://m6.ca.2mdn.net,0
http://m6.cn.2mdn.net,0
http://m6.de.2mdn.net,0
http://m6.dk.2mdn.net,0
http://m6.es.2mdn.net,0
http://m6.fi.2mdn.net,0
http://m6.fr.2mdn.net,0
http://m6.it.2mdn.net,0
http://m6.jp.2mdn.net,0
http://m6.nl.2mdn.net,0
http://m6.no.2mdn.net,0
http://m6.nz.2mdn.net,0
http://m6.pl.2mdn.net,0
http://m6.se.2mdn.net,0
http://m6.sg.2mdn.net,0
http://m6.uk.2mdn.net,0
http://m6.ve.2mdn.net,0
http://m6.za.2mdn.net,0
http://m7.ae.2mdn.net,0
http://m7.au.2mdn.net,0
http://m7.be.2mdn.net,0
http://m7.br.2mdn.net,0
http://m7.ca.2mdn.net,0
http://m7.cn.2mdn.net,0
http://m7.de.2mdn.net,0
http://m7.dk.2mdn.net,0
http://m7.es.2mdn.net,0
http://m7.fi.2mdn.net,0
http://m7.fr.2mdn.net,0
http://m7.it.2mdn.net,0
http://m7.jp.2mdn.net,0
http://m7.nl.2mdn.net,0
http://m7.no.2mdn.net,0
http://m7.nz.2mdn.net,0
http://m7.pl.2mdn.net,0
http://m7.se.2mdn.net,0
http://m7.sg.2mdn.net,0
http://m7.uk.2mdn.net,0
http://m7.ve.2mdn.net,0
http://m7.za.2mdn.net,0
http://m8.ae.2mdn.net,0
http://m8.au.2mdn.net,0
http://m8.be.2mdn.net,0
http://m8.br.2mdn.net,0
http://m8.ca.2mdn.net,0
http://m8.cn.2mdn.net,0
http://m8.de.2mdn.net,0
http://m8.dk.2mdn.net,0
http://m8.es.2mdn.net,0
http://m8.fi.2mdn.net,0
http://m8.fr.2mdn.net,0
http://m8.it.2mdn.net,0
http://m8.jp.2mdn.net,0
http://m8.nl.2mdn.net,0
http://m8.no.2mdn.net,0
http://m8.nz.2mdn.net,0
http://m8.pl.2mdn.net,0
http://m8.se.2mdn.net,0
http://m8.sg.2mdn.net,0
http://m8.uk.2mdn.net,0
http://m8.ve.2mdn.net,0
http://m8.za.2mdn.net,0
http://m9.ae.2mdn.net,0
http://m9.au.2mdn.net,0
http://m9.be.2mdn.net,0
http://m9.br.2mdn.net,0
http://m9.ca.2mdn.net,0
http://m9.cn.2mdn.net,0
http://m9.de.2mdn.net,0
http://m9.dk.2mdn.net,0
http://m9.es.2mdn.net,0
http://m9.fi.2mdn.net,0
http://m9.fr.2mdn.net,0
http://m9.it.2mdn.net,0
http://m9.jp.2mdn.net,0
http://m9.nl.2mdn.net,0
http://m9.no.2mdn.net,0
http://m9.nz.2mdn.net,0
http://m9.pl.2mdn.net,0
http://m9.se.2mdn.net,0
http://m9.sg.2mdn.net,0
http://m9.uk.2mdn.net,0
http://m9.ve.2mdn.net,0
http://m9.za.2mdn.net,0
http://madewithcode.com,0
http://mail-attachment.googleusercontent.com,0
http://mail.google.co.in,0
http://mail.google.com,0
http://maps.googleapis.com,0
http://maps.google.com,0
http://maps.google.com.co,0
http://maps.gstatic.com,0
http://metric.gstatic.com,0
http://mia07s24-in-f4.1e100.net,0
http://mobile-gtalk.l.google.com,0
http://mtalk.google.com,0
http://myaccount.google.com,0
http://netlogstatic.com,0
http://news.google.be,0
http://news.google.ca,0
http://news.google.co.il,0
http://news.google.co.in,0
http://news.google.com,0
http://news.google.com.ar,0
http://news.google.com.au,0
http://news.google.com.br,0
http://news.google.com.co,0
http://news.google.com.eg,0
http://news.google.com.lb,0
http://news.google.co.nz,0
http://news.google.co.uk,0
http://news.google.co.ve,0
http://news.google.de,0
http://news.google.es,0
http://news.google.fr,0
http://news.google.gr,0
http://news.google.it,0
http://news.google.nl,0
http://nl.2mdn.net,0
http://no.2mdn.net,0
http://ns1.google.com,0
http://ns2.google.com,0
http://ns3.google.com,0
http://ns4.google.com,0
http://nz.2mdn.net,0
http://oauth.googleusercontent.com,0
http://pack.google.com,0
http://pagead2.googlesyndication.com,0
http://pagead-googlehosted.l.google.com,0
http://panoramio.com,0
http://partner.googleadservices.com,0
http://partnerpage.google.com,0
http://photos.google.com,0
http://photos-ugc.l.googleusercontent.com,0
http://picasa.com,0
http://picasaweb.google.com,0
http://pki.google.com,0
http://pl.2mdn.net,0
http://play.google.com,0
http://plus.google.com,0
http://plus.l.google.com,0
http://plusone.google.com,0
http://r10.sn-4g57kn6s.googlevideo.com,0
http://r10.sn-ab5l6nek.gvt1.com,0
http://r10.sn-ab5l6nle.gvt1.com,0
http://r10.sn-ab5l6nll.gvt1.com,0
http://r10.sn-hp57kn76.gvt1.com,0
http://r10.sn-hp57kn7d.c.pack.google.com,0
http://r10.sn-hp57kn7k.gvt1.com,0
http://r10.sn-hp57kn7r.gvt1.com,0
http://r10.sn-hp57kn7y.googlevideo.com,0
http://r10.sn-hp57kne7.c.pack.google.com,0
http://r10.sn-hp57kne7.googlevideo.com,0
http://r10.sn-hp57knle.gvt1.com,0
http://r10.sn-hp57knls.gvt1.com,0
http://r10.sn-hp57knsl.gvt1.com,0
http://r11.sn-4g57kn6s.googlevideo.com,0
http://r11.sn-ab5l6nek.gvt1.com,0
http://r11.sn-ab5l6nle.gvt1.com,0
http://r11.sn-ab5l6nll.gvt1.com,0
http://r11.sn-hp57kn76.gvt1.com,0
http://r11.sn-hp57kn7d.c.pack.google.com,0
http://r11.sn-hp57kn7k.gvt1.com,0
http://r11.sn-hp57kn7r.gvt1.com,0
http://r11.sn-hp57kn7y.googlevideo.com,0
http://r11.sn-hp57kne7.c.pack.google.com,0
http://r11.sn-hp57kne7.googlevideo.com,0
http://r11.sn-hp57knle.gvt1.com,0
http://r11.sn-hp57knls.gvt1.com,0
http://r11.sn-hp57knsl.gvt1.com,0
http://r12.sn-4g57kn6s.googlevideo.com,0
http://r12.sn-ab5l6nek.gvt1.com,0
http://r12.sn-ab5l6nle.gvt1.com,0
http://r12.sn-ab5l6nll.gvt1.com,0
http://r12.sn-hp57kn76.gvt1.com,0
http://r12.sn-hp57kn7d.c.pack.google.com,0
http://r12.sn-hp57kn7k.gvt1.com,0
http://r12.sn-hp57kn7r.gvt1.com,0
http://r12.sn-hp57kn7y.googlevideo.com,0
http://r12.sn-hp57kne7.c.pack.google.com,0
http://r12.sn-hp57kne7.googlevideo.com,0
http://r12.sn-hp57knle.gvt1.com,0
http://r12.sn-hp57knls.gvt1.com,0
http://r12.sn-hp57knsl.gvt1.com,0
http://r13.sn-4g57kn6s.googlevideo.com,0
http://r13.sn-ab5l6nek.gvt1.com,0
http://r13.sn-ab5l6nle.gvt1.com,0
http://r13.sn-ab5l6nll.gvt1.com,0
http://r13.sn-hp57kn76.gvt1.com,0
http://r13.sn-hp57kn7d.c.pack.google.com,0
http://r13.sn-hp57kn7k.gvt1.com,0
http://r13.sn-hp57kn7r.gvt1.com,0
http://r13.sn-hp57kn7y.googlevideo.com,0
http://r13.sn-hp57kne7.c.pack.google.com,0
http://r13.sn-hp57kne7.googlevideo.com,0
http://r13.sn-hp57knle.gvt1.com,0
http://r13.sn-hp57knls.gvt1.com,0
http://r13.sn-hp57knsl.gvt1.com,0
http://r14.sn-4g57kn6s.googlevideo.com,0
http://r14.sn-ab5l6nek.gvt1.com,0
http://r14.sn-ab5l6nle.gvt1.com,0
http://r14.sn-ab5l6nll.gvt1.com,0
http://r14.sn-hp57kn76.gvt1.com,0
http://r14.sn-hp57kn7d.c.pack.google.com,0
http://r14.sn-hp57kn7k.gvt1.com,0
http://r14.sn-hp57kn7r.gvt1.com,0
http://r14.sn-hp57kn7y.googlevideo.com,0
http://r14.sn-hp57kne7.c.pack.google.com,0
http://r14.sn-hp57kne7.googlevideo.com,0
http://r14.sn-hp57knle.gvt1.com,0
http://r14.sn-hp57knls.gvt1.com,0
http://r14.sn-hp57knsl.gvt1.com,0
http://r15.sn-4g57kn6s.googlevideo.com,0
http://r15.sn-ab5l6nek.gvt1.com,0
http://r15.sn-ab5l6nle.gvt1.com,0
http://r15.sn-ab5l6nll.gvt1.com,0
http://r15.sn-hp57kn76.gvt1.com,0
http://r15.sn-hp57kn7d.c.pack.google.com,0
http://r15.sn-hp57kn7k.gvt1.com,0
http://r15.sn-hp57kn7r.gvt1.com,0
http://r15.sn-hp57kn7y.googlevideo.com,0
http://r15.sn-hp57kne7.c.pack.google.com,0
http://r15.sn-hp57kne7.googlevideo.com,0
http://r15.sn-hp57knle.gvt1.com,0
http://r15.sn-hp57knls.gvt1.com,0
http://r15.sn-hp57knsl.gvt1.com,0
http://r16.sn-4g57kn6s.googlevideo.com,0
http://r16.sn-ab5l6nek.gvt1.com,0
http://r16.sn-ab5l6nle.gvt1.com,0
http://r16.sn-ab5l6nll.gvt1.com,0
http://r16.sn-hp57kn76.gvt1.com,0
http://r16.sn-hp57kn7d.c.pack.google.com,0
http://r16.sn-hp57kn7k.gvt1.com,0
http://r16.sn-hp57kn7r.gvt1.com,0
http://r16.sn-hp57kn7y.googlevideo.com,0
http://r16.sn-hp57kne7.c.pack.google.com,0
http://r16.sn-hp57kne7.googlevideo.com,0
http://r16.sn-hp57knle.gvt1.com,0
http://r16.sn-hp57knls.gvt1.com,0
http://r16.sn-hp57knsl.gvt1.com,0
http://r17.sn-4g57kn6s.googlevideo.com,0
http://r17.sn-ab5l6nek.gvt1.com,0
http://r17.sn-ab5l6nle.gvt1.com,0
http://r17.sn-ab5l6nll.gvt1.com,0
http://r17.sn-hp57kn76.gvt1.com,0
http://r17.sn-hp57kn7d.c.pack.google.com,0
http://r17.sn-hp57kn7k.gvt1.com,0
http://r17.sn-hp57kn7r.gvt1.com,0
http://r17.sn-hp57kn7y.googlevideo.com,0
http://r17.sn-hp57kne7.c.pack.google.com,0
http://r17.sn-hp57kne7.googlevideo.com,0
http://r17.sn-hp57knle.gvt1.com,0
http://r17.sn-hp57knls.gvt1.com,0
http://r17.sn-hp57knsl.gvt1.com,0
http://r18.sn-4g57kn6s.googlevideo.com,0
http://r18.sn-ab5l6nek.gvt1.com,0
http://r18.sn-ab5l6nle.gvt1.com,0
http://r18.sn-ab5l6nll.gvt1.com,0
http://r18.sn-hp57kn76.gvt1.com,0
http://r18.sn-hp57kn7d.c.pack.google.com,0
http://r18.sn-hp57kn7k.gvt1.com,0
http://r18.sn-hp57kn7r.gvt1.com,0
http://r18.sn-hp57kn7y.googlevideo.com,0
http://r18.sn-hp57kne7.c.pack.google.com,0
http://r18.sn-hp57kne7.googlevideo.com,0
http://r18.sn-hp57knle.gvt1.com,0
http://r18.sn-hp57knls.gvt1.com,0
http://r18.sn-hp57knsl.gvt1.com,0
http://r19.sn-4g57kn6s.googlevideo.com,0
http://r19.sn-ab5l6nek.gvt1.com,0
http://r19.sn-ab5l6nle.gvt1.com,0
http://r19.sn-ab5l6nll.gvt1.com,0
http://r19.sn-hp57kn76.gvt1.com,0
http://r19.sn-hp57kn7d.c.pack.google.com,0
http://r19.sn-hp57kn7k.gvt1.com,0
http://r19.sn-hp57kn7r.gvt1.com,0
http://r19.sn-hp57kn7y.googlevideo.com,0
http://r19.sn-hp57kne7.c.pack.google.com,0
http://r19.sn-hp57kne7.googlevideo.com,0
http://r19.sn-hp57knle.gvt1.com,0
http://r19.sn-hp57knls.gvt1.com,0
http://r19.sn-hp57knsl.gvt1.com,0
http://r1.sn-4g57kn6s.googlevideo.com,0
http://r1.sn-ab5l6nek.gvt1.com,0
http://r1.sn-ab5l6nle.gvt1.com,0
http://r1.sn-ab5l6nll.gvt1.com,0
http://r1.sn-buu-hp5e.gvt1.com,0
http://r1.sn-buu-hp5l.c.pack.google.com,0
http://r1.sn-buu-hp5l.googlevideo.com,0
http://r1.sn-buu-hp5l.gvt1.com,0
http://r1.sn-hp57kn76.gvt1.com,0
http://r1.sn-hp57kn7d.c.pack.google.com,0
http://r1.sn-hp57kn7k.gvt1.com,0
http://r1.sn-hp57kn7r.gvt1.com,0
http://r1.sn-hp57kn7y.googlevideo.com,0
http://r1.sn-hp57kn7z.googlevideo.com,0
http://r1.sn-hp57kne7.c.pack.google.com,0
http://r1.sn-hp57kne7.googlevideo.com,0
http://r1.sn-hp57knle.gvt1.com,0
http://r1.sn-hp57knls.gvt1.com,0
http://r1.sn-hp57knly.googlevideo.com,0
http://r1.sn-hp57knsl.gvt1.com,0
http://r20.sn-4g57kn6s.googlevideo.com,0
http://r20.sn-ab5l6nek.gvt1.com,0
http://r20.sn-ab5l6nle.gvt1.com,0
http://r20.sn-ab5l6nll.gvt1.com,0
http://r20.sn-hp57kn76.gvt1.com,0
http://r20.sn-hp57kn7d.c.pack.google.com,0
http://r20.sn-hp57kn7k.gvt1.com,0
http://r20.sn-hp57kn7r.gvt1.com,0
http://r20.sn-hp57kn7y.googlevideo.com,0
http://r20.sn-hp57kne7.c.pack.google.com,0
http://r20.sn-hp57kne7.googlevideo.com,0
http://r20.sn-hp57knle.gvt1.com,0
http://r20.sn-hp57knls.gvt1.com,0
http://r20.sn-hp57knsl.gvt1.com,0
http://r2.sn-4g57kn6s.googlevideo.com,0
http://r2.sn-ab5l6nek.gvt1.com,0
http://r2.sn-ab5l6nle.gvt1.com,0
http://r2.sn-ab5l6nll.gvt1.com,0
http://r2.sn-buu-hp5e.gvt1.com,0
http://r2.sn-buu-hp5l.c.pack.google.com,0
http://r2.sn-buu-hp5l.googlevideo.com,0
http://r2.sn-buu-hp5l.gvt1.com,0
http://r2.sn-hp57kn76.gvt1.com,0
http://r2.sn-hp57kn7d.c.pack.google.com,0
http://r2.sn-hp57kn7k.gvt1.com,0
http://r2.sn-hp57kn7r.gvt1.com,0
http://r2.sn-hp57kn7y.googlevideo.com,0
http://r2.sn-hp57kn7z.googlevideo.com,0
http://r2.sn-hp57kne7.c.pack.google.com,0
http://r2.sn-hp57kne7.googlevideo.com,0
http://r2.sn-hp57knle.gvt1.com,0
http://r2.sn-hp57knls.gvt1.com,0
http://r2.sn-hp57knly.googlevideo.com,0
http://r2.sn-hp57knsl.gvt1.com,0
http://r3.sn-4g57kn6s.googlevideo.com,0
http://r3.sn-ab5l6nek.gvt1.com,0
http://r3.sn-ab5l6nle.gvt1.com,0
http://r3.sn-ab5l6nll.gvt1.com,0
http://r3---sn-buu-hp5e.gvt1.com,0
http://r3.sn-buu-hp5e.gvt1.com,0
http://r3.sn-buu-hp5l.c.pack.google.com,0
http://r3.sn-buu-hp5l.googlevideo.com,0
http://r3.sn-buu-hp5l.gvt1.com,0
http://r3.sn-hp57kn76.gvt1.com,0
http://r3.sn-hp57kn7d.c.pack.google.com,0
http://r3.sn-hp57kn7k.gvt1.com,0
http://r3.sn-hp57kn7r.gvt1.com,0
http://r3.sn-hp57kn7y.googlevideo.com,0
http://r3.sn-hp57kn7z.googlevideo.com,0
http://r3.sn-hp57kne7.c.pack.google.com,0
http://r3.sn-hp57kne7.googlevideo.com,0
http://r3.sn-hp57knle.gvt1.com,0
http://r3.sn-hp57knls.gvt1.com,0
http://r3.sn-hp57knly.googlevideo.com,0
http://r3.sn-hp57knsl.gvt1.com,0
http://r4.sn-4g57kn6s.googlevideo.com,0
http://r4.sn-ab5l6nek.gvt1.com,0
http://r4.sn-ab5l6nle.gvt1.com,0
http://r4.sn-ab5l6nll.gvt1.com,0
http://r4.sn-buu-hp5e.gvt1.com,0
http://r4.sn-buu-hp5l.c.pack.google.com,0
http://r4.sn-buu-hp5l.googlevideo.com,0
http://r4.sn-buu-hp5l.gvt1.com,0
http://r4.sn-hp57kn76.gvt1.com,0
http://r4.sn-hp57kn7d.c.pack.google.com,0
http://r4.sn-hp57kn7k.gvt1.com,0
http://r4.sn-hp57kn7r.gvt1.com,0
http://r4.sn-hp57kn7y.googlevideo.com,0
http://r4.sn-hp57kn7z.googlevideo.com,0
http://r4.sn-hp57kne7.c.pack.google.com,0
http://r4.sn-hp57kne7.googlevideo.com,0
http://r4.sn-hp57knle.gvt1.com,0
http://r4.sn-hp57knls.gvt1.com,0
http://r4.sn-hp57knly.googlevideo.com,0
http://r4.sn-hp57knsl.gvt1.com,0
http://r5.sn-4g57kn6s.googlevideo.com,0
http://r5.sn-ab5l6nek.gvt1.com,0
http://r5.sn-ab5l6nle.gvt1.com,0
http://r5.sn-ab5l6nll.gvt1.com,0
http://r5.sn-buu-hp5e.gvt1.com,0
http://r5.sn-buu-hp5l.c.pack.google.com,0
http://r5.sn-buu-hp5l.googlevideo.com,0
http://r5.sn-buu-hp5l.gvt1.com,0
http://r5.sn-hp57kn76.gvt1.com,0
http://r5.sn-hp57kn7d.c.pack.google.com,0
http://r5.sn-hp57kn7k.gvt1.com,0
http://r5.sn-hp57kn7r.gvt1.com,0
http://r5.sn-hp57kn7y.googlevideo.com,0
http://r5.sn-hp57kn7z.googlevideo.com,0
http://r5.sn-hp57kne7.c.pack.google.com,0
http://r5.sn-hp57kne7.googlevideo.com,0
http://r5.sn-hp57knle.gvt1.com,0
http://r5.sn-hp57knls.gvt1.com,0
http://r5.sn-hp57knly.googlevideo.com,0
http://r5.sn-hp57knsl.gvt1.com,0
http://r6.sn-4g57kn6s.googlevideo.com,0
http://r6.sn-ab5l6nek.gvt1.com,0
http://r6.sn-ab5l6nle.gvt1.com,0
http://r6.sn-ab5l6nll.gvt1.com,0
http://r6.sn-buu-hp5e.gvt1.com,0
http://r6.sn-buu-hp5l.c.pack.google.com,0
http://r6.sn-buu-hp5l.googlevideo.com,0
http://r6.sn-buu-hp5l.gvt1.com,0
http://r6.sn-hp57kn76.gvt1.com,0